{
  "0": {
    "pattern_id": 0,
    "scores": {
      "acc": 0.6
    },
    "predictions": [
      0,
      1,
      0,
      0,
      1
    ]
  },
  "1": {
    "pattern_id": 1,
    "scores": {
      "acc": 0.8
    },
    "predictions": [
      1,
      1,
      0,
      0,
      1
    ]
  },
  "pvp_weights": [
    0.5003249645233154,
    0.49967503547668457
  ]
}