{
  "0": {
    "pattern_id": 0,
    "scores": {
      "acc": 0.2,
      "f1-macro": 0.11111111111111112
    },
    "predictions": [
      0,
      0,
      0,
      0,
      0
    ]
  },
  "1": {
    "pattern_id": 1,
    "scores": {
      "acc": 0.2,
      "f1-macro": 0.11111111111111112
    },
    "predictions": [
      0,
      0,
      0,
      0,
      0
    ]
  },
  "2": {
    "pattern_id": 2,
    "scores": {
      "acc": 0.2,
      "f1-macro": 0.11111111111111112
    },
    "predictions": [
      0,
      0,
      0,
      0,
      0
    ]
  },
  "pvp_weights": [
    0.33371129631996155,
    0.3339141309261322,
    0.33237457275390625
  ]
}